"","FAULT_TYPE","rules","support","confidence","lift","itemset","improvement","rel_improvement","FAULT_COUNT","MODEL","AGE","DEALERSHIP","CUSTOMER_TYPE","USER_CUSTOMISED","COUNTRY","GEO_TYPE","COMPRESSED","OBJECT_COUNT","FAULT_RATE","AGGREGATION_LEVEL","MIN_RANK","MAX_RANK","SIMPLE_COMBI","AVG_FAULT_RATE","PS_RATIO","LIFT","CHI_SQUARE","BINOMIAL_TEST","ZHANG","row_num","SET_SIZE","min_imp_psr","min_imp_chi","min_imp_bin","min_improvement","min_improvement_adj","max_improvement","LIST_ID","classification","rules_attributes","count_neg","COMBI","suppressed","min_imp_zhang","min_imp_lift"
"7","AirConditioning","{AGE=InWarranty,MODEL=Opal,USER_CUSTOMISED=N}=>{FAULT_TYPE=AirConditioning}",1.494222e-05,0.001668216,24.91577,5524,0.0009985952,0.5986005,366,"Opal","InWarranty","*","*","N","*","*",FALSE,219396,0.001668216,4,146366.5,165327.5,155847,0.066446963,2.39339853400421e-08,25.105978131762,2.31883652185866e-08,92.0430726483126,0.968540004932683,1,3,0,0,0,0,0,0,371,1,";10;11;14;1",0,0,FALSE,0,0
"12","BreakFluid","{AGE=InWarranty,USER_CUSTOMISED=Y}=>{FAULT_TYPE=BreakFluid}",3.400785e-05,0.01169517,63.05646,1283,0.008372541,0.7158975,833,"*","InWarranty","*","*","Y","*","*",FALSE,71226,0.01169517,5,157587,165735,161661,0.182130167,3.91533731684689e-07,64.2132502958722,3.86560441616521e-07,227.697307256959,0.987011279435921,2,2,2.2190782612461e-07,2.23583256675672e-07,80.84323059027,0.715897588491659,2.31985925419455,0.829965789295923,1000,1,";11;14;1",0,0,FALSE,0,0
"13","BreakFluid","{AGE=InWarranty,MODEL=Ultima}=>{FAULT_TYPE=BreakFluid}",4.372437e-05,0.006393228,34.47016,1315,0.004404649,0.6889553,1071,"Ultima","InWarranty","*","*","*","*","*",FALSE,167521,0.006393228,5,151371,165719,158545,0.182130167,2.7157633975629e-07,35.1025209349311,2.65656562069417e-07,188.387294101473,0.97767589147571,3,2,1.57338177490296e-07,1.58472710155208e-07,70.238713672437,0.688955407190233,2.01497392937508,0.688955407190233,1024,1,";10;11;1",0,0,FALSE,0,0
"17","BreakPad","{AGE=InWarranty,DEALERSHIP=VWDealer}=>{FAULT_TYPE=BreakPad}",5.891155e-05,0.004516361,16.83282,1548,0.002630484,0.5824345,1443,"*","InWarranty","VWDealer","*","*","*","*",FALSE,319505,0.004516361,5,138446,165665,152055.5,0.266306969,2.50377270549958e-07,16.9592294822746,2.38727756748826e-07,147.231199536505,0.953023531564042,5,2,0,0,0,0,0,0,1293,1,";11;12;1",0,0,FALSE,0,0
"39","EngineControl","{AGE=InWarranty,DEALERSHIP=VWFranchise,USER_CUSTOMISED=Y}=>{FAULT_TYPE=EngineControl}",1.032891e-05,0.01035188,197.9411,5072,0.00594338,0.5741352,253,"*","InWarranty","VWFranchise","*","Y","*","*",FALSE,24440,0.01035188,4,162966,165734,164350,0.051751962,1.06389095492979e-07,200.028744803917,1.05962971699251e-07,223.841729433281,0.995941725132427,7,3,5.05386840465664e-08,5.06072036425678e-08,62.208798013238,0.574135036341225,1.14816877014787,0.574135036341225,2072,1,";11;12;14;1",0,0,FALSE,0,0
"40","EngineControl","{AGE=InWarranty,USER_CUSTOMISED=Y}=>{FAULT_TYPE=EngineControl}",1.281928e-05,0.004408503,84.29617,1027,0.00316032,0.7168693,314,"*","InWarranty","*","*","Y","*","*",FALSE,71226,0.004408503,5,159666,165680,162673,0.051751962,5.58504114464126e-08,85.1852341366304,5.53557680566832e-08,161.632931420043,0.99101880341618,8,2,0,0,0,0,0,0,2280,1,";11;14;1",0,0,FALSE,0,0
"41","EngineControl","{AGE=InWarranty,MODEL=Hopper,CUSTOMER_TYPE=Other}=>{FAULT_TYPE=EngineControl}",1.22069e-05,0.00534989,102.2967,5119,0.004244271,0.7933381,299,"Hopper","InWarranty","*","Other","*","*","*",FALSE,55889,0.00534989,4,160686.5,165706.5,163196.5,0.051751962,6.46738412160622e-08,103.375597624685,6.41946858473232e-08,174.114230261495,0.992489085451029,9,3,0,0,0,0,0,0,2289,1,";10;11;13;1",0,0,FALSE,0,0
"43","Exhaust","{AGE=InWarranty,USER_CUSTOMISED=N}=>{FAULT_TYPE=Exhaust}",3.817207e-05,0.001683053,11.00221,1241,0.0004814325,0.2860471,935,"*","InWarranty","*","*","N","*","*",FALSE,555538,0.001683053,5,127244,165389,146316.5,0.150783493,5.84898988800695e-08,11.1620507425173,5.44855763530493e-08,93.0139074650188,0.93020649493484,10,2,0,0,0,0,0,0,2633,1,";11;14;1",0,0,FALSE,0,0
"63","Gearbox","{CUSTOMER_TYPE=Other}=>{FAULT_TYPE=Gearbox}",0.0008716297,0.002519398,2.890445,239,Inf,Inf,21350,"*","*","*","Other","*","*","*",FALSE,8474247,0.002519398,6,83845,165729,124787,0.852589609,1.45283969780481e-06,2.95499496288137,1.46962743846171e-06,166.246088565521,1,11,1,0,0,0,0,0,0,3351,1,";13;1",0,0,FALSE,0,0
"64","Gearbox","{AGE=InWarranty,CUSTOMER_TYPE=Other}=>{FAULT_TYPE=Gearbox}",0.0001574649,0.01235446,14.17398,1998,0.00983506,0.7960738,3857,"*","InWarranty","*","Other","*","*","*",FALSE,312195,0.01235446,5,134286,165735,150010.5,0.852589609,1.81114087093178e-06,14.490512046576,1.70792161742639e-06,220.18951752979,0.941447471532902,12,2,3.5830117312697e-07,2.3829417896468e-07,53.943428964269,0.796073806544357,3.70373505558733,0.796073806544357,3466,1,";11;13;1",0,0,FALSE,0,0
"76","SparkPlugs","{AGE=InWarranty}=>{FAULT_TYPE=SparkPlugs}",6.740331e-05,0.002119525,7.463541,212,Inf,Inf,1651,"*","InWarranty","*","*","*","*","*",FALSE,778948,0.002119525,6,115712,165428,140570,0.277887269,1.2413247889029e-07,7.62728356584051,1.11400320141419e-07,97.5179275045139,0.89446017638559,13,1,0,0,0,0,0,0,4487,1,";11;1",0,0,FALSE,0,0
"81","SparkPlugs","{AGE=InWarranty,CUSTOMER_TYPE=Other}=>{FAULT_TYPE=SparkPlugs}",4.188722e-05,0.003286408,11.57251,1766,0.001166882,0.3550632,1026,"*","InWarranty","*","Other","*","*","*",FALSE,312195,0.003286408,5,128837,165451,147144,0.277887269,1.26018569733958e-07,11.8264072039947,1.16852232337971e-07,100.853739452113,0.92538290325849,15,2,1.88609084366801e-09,5.45191219655201e-09,3.3358119475991,0.355063339670546,0.350540259636783,0.355063339670546,4697,1,";11;13;1",0,0,FALSE,0,0
"85","SparkPlugs","{AGE=InWarranty,DEALERSHIP=VWFranchise,CUSTOMER_TYPE=Other}=>{FAULT_TYPE=SparkPlugs}",3.225234e-05,0.004220559,14.86197,7319,7.563646e-05,0.01792096,790,"*","InWarranty","VWFranchise","Other","*","*","*",FALSE,187179,0.004220559,4,135571,165464,150517.5,0.277887269,1.27160389176601e-07,15.1880257601869,1.19702714235303e-07,102.339951273589,0.93989657693255,17,3,1.14181944264301e-09,2.85048189733199e-09,1.48621182147599,0.22133347739008,0.0842476356548088,0.497809413397609,4755,1,";11;12;13;1",0,0,FALSE,0,0
"98","SparkPlugs","{AGE=InWarranty,CUSTOMER_TYPE=Other,COUNTRY=Germany}=>{FAULT_TYPE=SparkPlugs}",5.797256e-06,0.004591754,16.16907,7184,0.001305347,0.2842806,142,"*","InWarranty","*","Other","*","Germany","*",FALSE,30925,0.004591754,4,137544,163202,150373,0.277887269,2.50085897894901e-08,16.5238012397034,2.35248005325962e-08,45.5142723468989,0.939339455564301,18,3,-1.01009979944468e-07,-9.33274318053748e-08,-55.3394671052141,0.284280473213504,0.197196252441563,0.53840623866174,5016,1,";11;13;15;1",0,0,FALSE,0,0
"128","TurboCharger","{AGE=InWarranty,CUSTOMER_TYPE=Private}=>{FAULT_TYPE=TurboCharger}",0.000150647,0.009612053,6.690565,2076,0.00400449,0.4166113,3690,"*","InWarranty","*","Private","*","*","*",FALSE,383893,0.009612053,5,112072,165723,138897.5,1.405209514,1.23633635063544e-06,6.84029883390044,1.07240074481636e-06,135.742567309709,0.864078239013929,19,2,5.47072302873501e-08,7.090315254413e-08,36.7319825925635,0.416611310819863,0.514123491427122,0.754091035494706,5866,1,";11;13;1",0,0,FALSE,0,0
"129","TurboCharger","{CUSTOMER_TYPE=Private}=>{FAULT_TYPE=TurboCharger}",0.001232815,0.00236369,1.64527,266,Inf,Inf,30197,"*","*","*","Private","*","*","*",FALSE,12775364,0.00236369,6,58538,165721,112129.5,1.405209514,1.18162912034809e-06,1.68209080315122,1.00149759227223e-06,91.4544259551833,0.819747570964874,20,1,0,0,0,0,0,0,6145,1,";13;1",0,0,FALSE,0,0
"130","TurboCharger","{AGE=InWarranty,MODEL=Ultima,COUNTRY=Austria}=>{FAULT_TYPE=TurboCharger}",4.694961e-06,0.007458331,5.191445,8439,0.0008502039,0.1139939,115,"Ultima","InWarranty","*","*","*","Austria","*",FALSE,15419,0.007458331,4,102689,161968,132328.5,1.405209514,2.8419169305032e-08,5.30762916539718,2.30792979606212e-08,20.0651451479067,0.807883948185966,21,3,-7.20973500557542e-07,-5.56967711895682e-07,-78.9454395692388,0.248147742437283,0.13004888486769,0.248147742437283,6390,1,";10;11;15;1",0,0,FALSE,0,0
"136","TurboCharger","{DEALERSHIP=VWFranchise,CUSTOMER_TYPE=Corporate,USER_CUSTOMISED=N}=>{FAULT_TYPE=TurboCharger}",4.368355e-06,0.00297437,2.07034,9188,1.044938e-05,0.00351314,107,"*","*","VWFranchise","Corporate","N","*","*",FALSE,35974,0.00297437,4,68623,153370,110996.5,1.405209514,6.85465005482053e-09,2.11667368486092,3.62156173794773e-09,7.94504826294952,0.517747916956586,24,3,0,0,0,0,0,0,6652,1,";12;13;14;1",0,0,FALSE,0,0
"246","BreakFluid","{USER_CUSTOMISED=Y}=>{FAULT_TYPE=BreakFluid}",5.401246e-05,0.003322626,17.9145,153,Inf,Inf,1323,"*","*","*","*","Y","*","*",FALSE,398179,0.003322626,6,140188,165664,152926,0.182130167,1.69625905560079e-07,18.243139259846,1.62977184940849e-07,146.854076666689,0.959781444463405,32,1,0,0,0,0,0,0,445,1,";14;1",0,0,FALSE,0,0
"247","BreakFluid","{MODEL=Hopper,CUSTOMER_TYPE=Other}=>{FAULT_TYPE=BreakFluid}",5.07464e-05,0.001985959,10.70763,1300,0.001838336,0.9256663,1243,"Hopper","*","*","Other","*","*","*",FALSE,625894,0.001985959,5,126566.5,165492.5,146029.5,0.182130167,9.15378194909512e-08,10.9040640148318,8.53232060137484e-08,105.753397445433,0.930382343371969,33,2,0,0,0,0,0,0,446,1,";10;13;1",0,0,FALSE,0,0
"248","BreakFluid","{AGE=InWarranty}=>{FAULT_TYPE=BreakFluid}",6.323908e-05,0.001988579,10.72176,155,Inf,Inf,1549,"*","InWarranty","*","*","*","*","*",FALSE,778948,0.001988579,6,126617,165546,146081.5,0.182130167,1.14238162265994e-07,10.918449330802,1.07183851914209e-07,118.148580429036,0.936513924356816,34,1,0,0,0,0,0,0,448,1,";11;1",0,0,FALSE,0,0
"350","BreakFluid","{AGE=InWarranty,MODEL=Hopper,DEALERSHIP=VWFranchise,CUSTOMER_TYPE=Other}=>{FAULT_TYPE=BreakFluid}",1.457479e-05,0.0140601,75.80739,17225,0.005704252,0.4057049,357,"Hopper","InWarranty","VWFranchise","Other","*","*","*",FALSE,25391,0.0140601,3,158966.5,165694.5,162330.5,0.182130167,2.0226849594231e-07,77.1980843788498,1.99855564062298e-07,163.875659176311,0.987832665593172,35,4,4.6431497751109e-08,4.7066657849826e-08,20.679483156336,0.405704938087211,0.48267186219423,0.858752142587891,635,1,";10;11;12;13;1",0,0,FALSE,0,0
"387","BreakFluid","{AGE=InWarranty,MODEL=Ultima,GEO_TYPE=NormalRural}=>{FAULT_TYPE=BreakFluid}",4.735787e-06,0.008409453,45.34098,5963,0.002016225,0.239757,116,"Ultima","InWarranty","*","*","*","*","NormalRural",FALSE,13794,0.008409453,4,154644,164939,159791.5,0.182130167,3.89628485173246e-08,46.1727628021117,3.81404730821225e-08,71.6064691464147,0.978495933156198,37,3,-2.32613491238965e-07,-2.27516088987294e-07,-116.780824955058,0.239756973491617,0.115370426313388,0.763530517383235,697,1,";10;11;16;1",0,0,FALSE,0,0
"572","BreakFluid","{AGE=InWarranty,MODEL=Hopper,CUSTOMER_TYPE=Other}=>{FAULT_TYPE=BreakFluid}",1.906562e-05,0.008355848,45.05196,5906,0.006367269,0.7620135,467,"Hopper","InWarranty","*","Other","*","*","*",FALSE,55889,0.008355848,4,154552.5,165658.5,160105.5,0.182130167,1.55836998191201e-07,45.8784403354772,1.52788906212472e-07,143.196176019975,0.980039569432672,40,3,4.1598835925207e-08,4.5605054298263e-08,25.047595590939,0.762013502399757,3.00192013765517,0.762327055255194,1010,1,";10;11;13;1",0,0,FALSE,0,0
"575","BreakFluid","{MODEL=Hopper,DEALERSHIP=VWFranchise,CUSTOMER_TYPE=Other}=>{FAULT_TYPE=BreakFluid}",3.384454e-05,0.002578546,13.90266,5922,0.0005925868,0.2298143,829,"Hopper","*","VWFranchise","Other","*","*","*",FALSE,321499,0.002578546,4,133651.5,165449.5,149550.5,0.182130167,8.11055915166018e-08,14.1577095243096,7.63793865227267e-08,100.693306753997,0.940414684129214,41,3,-1.04322279743494e-08,-8.9438194910217e-09,-5.06009069143599,0.229814399277733,0.0983887501987784,0.229814399277733,1020,1,";10;12;13;1",0,0,FALSE,0,0
"576","BreakFluid","{AGE=InWarranty,USER_CUSTOMISED=Unknown}=>{FAULT_TYPE=BreakFluid}",2.878215e-05,0.00463255,24.97717,1321,0.002643971,0.5707376,705,"*","InWarranty","*","*","Unknown","*","*",FALSE,152184,0.00463255,5,146607,165620,156113.5,0.182130167,1.28092651196381e-07,25.4353799609704,1.23825985571818e-07,128.657198236696,0.965965000116736,42,2,1.3854488930387e-08,1.6642133657609e-08,10.50861780766,0.570737714649599,1.12957865362013,0.570737714649599,1029,1,";11;14;1",0,0,FALSE,0,0
"604","BreakFluid","{AGE=InWarranty,MODEL=Ultima,DEALERSHIP=Re-Import}=>{FAULT_TYPE=BreakFluid}",8.124324e-06,0.008670646,46.74924,5993,0.002277418,0.2626584,199,"Ultima","InWarranty","Re-Import","*","*","*","*",FALSE,22951,0.008670646,4,155019,165411,160215,0.182130167,6.89634529064219e-08,47.6068635021896,6.7578164888174e-08,95.2974279455346,0.97952708519327,43,3,-2.02612886849868e-07,-1.98078397181243e-07,-93.0898661559384,0.262658399385698,0.156225110650178,0.770653882075223,1222,1,";10;11;12;1",0,0,FALSE,0,0
"609","BreakFluid","{AGE=InWarranty,USER_CUSTOMISED=Unknown,COUNTRY=Switzerland}=>{FAULT_TYPE=BreakFluid}",4.082575e-06,0.00583703,31.47133,6021,0.00120448,0.2063515,100,"*","InWarranty","*","*","Unknown","Switzerland","*",FALSE,17132,0.00583703,4,150059,164095,157077,0.182130167,2.308655268571e-08,32.0486720906592,2.23818456397709e-08,54.8501171086518,0.968902716898588,44,3,-1.05006098510671e-07,-1.01444139932047e-07,-73.8070811280442,0.206351517809571,0.0600053255801982,0.659316638770059,1239,1,";11;14;15;1",0,0,FALSE,0,0
"697","BreakPad","{AGE=InWarranty,USER_CUSTOMISED=N,GEO_TYPE=SuperRural}=>{FAULT_TYPE=BreakPad}",5.062393e-06,0.006712863,25.01935,6525,8.043863e-05,0.01198276,124,"*","InWarranty","*","*","N","*","SuperRural",FALSE,18472,0.006712863,4,146424,164003,155213.5,0.266306969,3.26350001254422e-08,25.207237441841,3.1363983508443e-08,53.697156855659,0.960755480212435,46,3,0,0,0,0,0,0,1711,1,";11;14;16;1",0,0,FALSE,0,0
"737","EngineControl","{AGE=InWarranty,MODEL=Hopper,CUSTOMER_TYPE=Other,USER_CUSTOMISED=Y,GEO_TYPE=Suburban}=>{FAULT_TYPE=EngineControl}",6.409642e-06,0.009972053,190.6783,33089,0.0002244392,0.02250682,157,"Hopper","InWarranty","*","Other","Y","*","Suburban",FALSE,15744,0.009972053,2,162848,165704,164276,0.051751962,6.35855781858084e-08,192.689370888006,6.32962753448577e-08,173.033511091487,0.995395366240271,47,5,-1.0882630302538e-09,-8.98410502465494e-10,-1.08071917000802,0.463511676081144,0.663980135144544,0.557914202822628,1876,1,";10;11;13;14;16;1",0,0,FALSE,0,0
"853","EngineControl","{MODEL=Hopper,DEALERSHIP=VWFranchise,CUSTOMER_TYPE=Other,USER_CUSTOMISED=Y}=>{FAULT_TYPE=EngineControl}",1.641195e-05,0.002144332,41.00234,15629,9.698406e-06,0.004522811,402,"Hopper","*","VWFranchise","Other","Y","*","*",FALSE,187471,0.002144332,3,153467,165610,159538.5,0.051751962,3.43433189546541e-08,41.4347962305275,3.37729585261807e-08,125.949646973852,0.983135721926111,48,4,0,0,0,0,0,0,2062,1,";10;12;13;14;1",0,0,FALSE,0,0
"864","EngineControl","{DEALERSHIP=VWFranchise,USER_CUSTOMISED=Y,GEO_TYPE=Suburban}=>{FAULT_TYPE=EngineControl}",1.09413e-05,0.002130484,40.73756,5115,9.836114e-06,0.004616844,268,"*","*","VWFranchise","*","Y","*","Suburban",FALSE,125793,0.002130484,4,153409,165468,159438.5,0.051751962,2.27440308473694e-08,41.1672121725549,2.2306104594733e-08,102.488367470343,0.980488019707144,49,3,0,0,0,0,0,0,2091,1,";12;14;16;1",0,0,FALSE,0,0
"1529","SparkPlugs","{AGE=InWarranty,MODEL=Eleganz,CUSTOMER_TYPE=Other,USER_CUSTOMISED=N,COUNTRY=Holland}=>{FAULT_TYPE=SparkPlugs}",4.205052e-06,0.004337938,15.2753,37729,0.0005561103,0.1281969,103,"Eleganz","InWarranty","*","Other","N","Holland","*",FALSE,23744,0.004337938,2,135907.5,161840.5,148874,0.277887269,1.7072724446493e-08,15.6104236642809,1.5994553933258e-08,37.5348277759164,0.935441603155024,54,5,-1.08945845287465e-07,-1.00857678404713e-07,-63.3189116761966,0.242403187874054,0.119964161173236,0.511398042111252,4465,1,";10;11;13;14;15;1",0,0,FALSE,0,0
"1620","SparkPlugs","{AGE=InWarranty,MODEL=Eleganz,CUSTOMER_TYPE=Other,USER_CUSTOMISED=N,COUNTRY=Belgium}=>{FAULT_TYPE=SparkPlugs}",4.939915e-06,0.004383264,15.4349,37760,0.0006061682,0.1382915,121,"Eleganz","InWarranty","*","Other","N","Belgium","*",FALSE,27605,0.004383264,2,136248.5,162513.5,149381,0.277887269,2.02802120941179e-08,15.7735329717462,1.90159331489807e-08,40.9235139297871,0.936266939301144,56,5,-1.0573835763984e-07,-9.78362991889903e-08,-59.9302255223259,0.250237266110369,0.133756127671913,0.51645052636574,4609,1,";10;11;13;14;15;1",0,0,FALSE,0,0
"1641","SparkPlugs","{AGE=InWarranty,DEALERSHIP=VWFranchise,USER_CUSTOMISED=N,GEO_TYPE=Suburban}=>{FAULT_TYPE=SparkPlugs}",1.620782e-05,0.004404846,15.5109,19482,2.9363e-05,0.006666067,397,"*","InWarranty","VWFranchise","*","N","*","Suburban",FALSE,90128,0.004404846,3,136727,165052,150889.5,0.277887269,6.68890042594764e-08,15.8511975588202,6.29006411545055e-08,74.3337458512766,0.938984248841933,59,4,-5.72434746308136e-08,-4.84996789869135e-08,-23.1841816532373,0.387093669108977,0.431571998365186,0.51881972718229,4647,1,";11;12;14;16;1",0,0,FALSE,0,0
"1662","SparkPlugs","{AGE=InWarranty,COUNTRY=Germany}=>{FAULT_TYPE=SparkPlugs}",8.410104e-06,0.002808989,9.891367,1749,0.0006894635,0.245449,206,"*","InWarranty","*","*","*","Germany","*",FALSE,73336,0.002808989,5,124309,162549,143429,0.277887269,2.128682879229e-08,10.1083759976064,1.92385696862351e-08,41.1238944227118,0.901601121329544,60,2,-1.02845650098e-07,-9.21617504551839e-08,-56.3940330818021,0.24544916338227,0.125292091966934,0.24544916338227,4689,1,";11;15;1",0,0,FALSE,0,0
"1663","SparkPlugs","{AGE=InWarranty,GEO_TYPE=NormalUrban}=>{FAULT_TYPE=SparkPlugs}",1.657525e-05,0.002859215,10.06823,1763,0.00073969,0.2587039,406,"*","InWarranty","*","*","*","*","NormalUrban",FALSE,141997,0.002859215,5,124838,164297,144567.5,0.277887269,4.27861524732578e-08,10.2891183546807,3.88530025080635e-08,58.359123027309,0.905929473148869,61,2,-8.13463264170322e-08,-7.25473176333555e-08,-39.1588044772049,0.258703875014646,0.148988916913963,0.258703875014646,4694,1,";11;16;1",0,0,FALSE,0,0
"1680","SparkPlugs","{AGE=InWarranty,DEALERSHIP=VWFranchise,GEO_TYPE=NormalUrban}=>{FAULT_TYPE=SparkPlugs}",9.267444e-06,0.005278947,18.5889,7311,0.001134025,0.2148202,227,"*","InWarranty","VWFranchise","*","*","*","NormalUrban",FALSE,43001,0.005278947,4,141040,164488,152764,0.277887269,4.63470409976976e-08,18.9967212927628,4.39845210655771e-08,62.2196186319017,0.947868469777961,63,3,-7.77854378925924e-08,-6.74157990758419e-08,-35.2983088726122,0.458373990115832,0.646295026884243,0.598494737681587,4752,1,";11;12;16;1",0,0,FALSE,0,0
"1681","SparkPlugs","{AGE=InWarranty,CUSTOMER_TYPE=Other,GEO_TYPE=NormalUrban}=>{FAULT_TYPE=SparkPlugs}",1.22069e-05,0.00439777,15.48598,7312,0.001111363,0.2527105,299,"*","InWarranty","*","Other","*","*","NormalUrban",FALSE,67989,0.00439777,4,136683,164617,150650,0.277887269,5.02909965090439e-08,15.8257339957521,4.72443245529345e-08,64.4510811075791,0.938029168703731,64,3,-7.57275732249141e-08,-6.96079077850365e-08,-36.4026583445339,0.252710350927856,0.138170068148235,0.518045509428642,4753,1,";11;13;16;1",0,0,FALSE,0,0
"1844","SparkPlugs","{AGE=InWarranty,DEALERSHIP=VWFranchise,COUNTRY=Germany}=>{FAULT_TYPE=SparkPlugs}",4.572484e-06,0.005774386,20.3335,7183,0.001629464,0.2821882,112,"*","InWarranty","VWFranchise","*","*","Germany","*",FALSE,19396,0.005774386,4,142666,163262,152964,0.277887269,2.51326525035178e-08,20.7795989387337,2.39421202937061e-08,45.9270177127835,0.951573582668927,66,3,-9.89998263867722e-08,-8.74581998477129e-08,-51.5909097917304,0.51354325810571,0.855686849522776,0.632943658425329,5015,1,";11;12;15;1",0,0,FALSE,0,0
"2039","TurboCharger","{AGE=InWarranty,CUSTOMER_TYPE=Corporate,USER_CUSTOMISED=N,GEO_TYPE=NormalUrban}=>{FAULT_TYPE=TurboCharger}",6.491294e-06,0.01161771,8.086623,21919,0.0005769057,0.04965743,159,"*","InWarranty","*","Corporate","N","*","NormalUrban",FALSE,13686,0.01161771,3,117661,164225,140943,1.405209514,6.62923431297689e-08,8.26759987336664,5.83065810311358e-08,31.893719417312,0.876828903882268,68,4,-6.83100326732805e-07,-5.21740428825167e-07,-67.1168652998335,0.308155049489099,0.245414052630501,0.517326306130898,5457,1,";11;13;14;16;1",0,0,FALSE,0,0
"2044","TurboCharger","{AGE=InWarranty,DEALERSHIP=VWDealer,CUSTOMER_TYPE=Private,USER_CUSTOMISED=N}=>{FAULT_TYPE=TurboCharger}",6.597441e-05,0.01209572,8.419344,21964,0.0005142887,0.04251824,1616,"*","InWarranty","VWDealer","Private","N","*","*",FALSE,133601,0.01209572,3,119558,165677,142617.5,1.405209514,7.05300121912663e-07,8.60776978770157,6.26781274173825e-07,104.312921634618,0.886058782714708,70,4,-5.31036228722777e-07,-4.45619470642535e-07,-31.429645675091,0.205334366205567,0.0583915529398193,0.816032034471697,5463,1,";11;12;13;14;1",0,0,FALSE,0,0
"2060","TurboCharger","{AGE=InWarranty,CUSTOMER_TYPE=Private,USER_CUSTOMISED=N,GEO_TYPE=NormalUrban}=>{FAULT_TYPE=TurboCharger}",2.294407e-05,0.01630782,11.35122,21945,0.003696744,0.2266854,562,"*","InWarranty","*","Private","N","*","NormalUrban",FALSE,34462,0.01630782,3,128008,165576,146792,1.405209514,3.41926538173518e-07,11.6052587443555,3.12903749931297e-07,73.852873986881,0.913188519958073,74,4,-8.94409812461922e-07,-7.59496994885063e-07,-61.889693322828,0.410586270881086,0.496602015825684,0.855057880207164,5487,1,";11;13;14;16;1",0,0,FALSE,0,0
"2207","TurboCharger","{AGE=InWarranty,DEALERSHIP=VWDealer,USER_CUSTOMISED=N,COUNTRY=Spain}=>{FAULT_TYPE=TurboCharger}",1.143121e-05,0.01222174,8.507061,21782,0.001256316,0.1027935,280,"*","InWarranty","VWDealer","*","N","Spain","*",FALSE,22910,0.01222174,3,119276,165091,142183.5,1.405209514,1.23646031456868e-07,8.69745036468633,1.09532140286536e-07,43.7054236611777,0.883276733138778,77,4,-7.76412386750465e-07,-6.60648218658157e-07,-71.4840656665623,0.260417747391124,0.152115498229956,0.81792895283323,5712,1,";11;12;14;15;1",0,0,FALSE,0,0
"2224","TurboCharger","{AGE=InWarranty,DEALERSHIP=VWDealer,COUNTRY=Belgium,GEO_TYPE=NormalUrban}=>{FAULT_TYPE=TurboCharger}",5.429824e-06,0.01457854,10.14754,21821,0.003410107,0.2339128,133,"*","InWarranty","VWDealer","*","*","Belgium","NormalUrban",FALSE,9123,0.01457854,3,124440,164423,144431.5,1.405209514,7.15288660328145e-08,10.3746379844109,6.46583723751058e-08,33.5891671806077,0.901789776118566,78,4,-8.28529552174518e-07,-7.05521986569587e-07,-81.6003221471323,0.379980299810543,0.412852987836866,0.847362973246978,5736,1,";11;12;15;16;1",0,0,FALSE,0,0
"2225","TurboCharger","{AGE=InWarranty,CUSTOMER_TYPE=Private,COUNTRY=Belgium,GEO_TYPE=NormalUrban}=>{FAULT_TYPE=TurboCharger}",7.266983e-06,0.01591844,11.08019,21822,0.003307367,0.2077696,178,"*","InWarranty","*","Private","*","Belgium","NormalUrban",FALSE,11182,0.01591844,3,127033,164932,145982.5,1.405209514,1.05467399216844e-07,11.3281612751734,9.62011166816379e-08,40.9693097985704,0.91016432279629,79,4,-1.1308689514186e-06,-9.76199628134722e-07,-94.7732575111386,0.232026505109797,0.102134223022891,0.851512459763645,5737,1,";11;13;15;16;1",0,0,FALSE,0,0
"2233","TurboCharger","{AGE=InWarranty,DEALERSHIP=VWDealer,USER_CUSTOMISED=N,COUNTRY=Belgium}=>{FAULT_TYPE=TurboCharger}",1.045139e-05,0.01368179,9.523346,21832,0.002513361,0.1837012,256,"*","InWarranty","VWDealer","*","N","Belgium","*",FALSE,18711,0.01368179,3,122666,165136,143901,1.405209514,1.28307330525576e-07,9.7364769194126,1.15217339820687e-07,44.8291728817873,0.895679090767549,84,4,-7.71751087681757e-07,-6.54963019124006e-07,-70.3603164459527,0.339342147482164,0.313643744878194,0.837358635090876,5745,1,";11;12;14;15;1",0,0,FALSE,0,0
"2234","TurboCharger","{AGE=InWarranty,CUSTOMER_TYPE=Private,USER_CUSTOMISED=N,COUNTRY=Belgium}=>{FAULT_TYPE=TurboCharger}",1.481975e-05,0.01557472,10.84094,21835,0.003349781,0.2150781,363,"*","InWarranty","*","Private","N","Belgium","*",FALSE,23307,0.01557472,3,126472,165429,145950.5,1.405209514,2.09988603024899e-07,11.0835571812105,1.91224548033578e-07,57.7474546161626,0.908621633524483,85,4,-1.02634774761054e-06,-8.81176196782782e-07,-77.9951126935464,0.215078023874587,0.0740178011161317,0.84823547389616,5746,1,";11;13;14;15;1",0,0,FALSE,0,0
"2282","TurboCharger","{AGE=InWarranty,GEO_TYPE=SuperRural}=>{FAULT_TYPE=TurboCharger}",7.756892e-06,0.009474892,6.595092,2056,0.003867329,0.408166,190,"*","InWarranty","*","*","*","*","SuperRural",FALSE,20053,0.009474892,5,110785,164071,137428,1.405209514,6.25956555181935e-08,6.74268990182769,5.33558539663951e-08,30.5056957985208,0.849067201521297,86,2,-6.86797014344381e-07,-5.26691155889908e-07,-68.5048889186247,0.408166024478168,0.489663483538314,0.408166024478168,5852,1,";11;16;1",0,0,FALSE,0,0
"2283","TurboCharger","{AGE=InWarranty,GEO_TYPE=VeryRural}=>{FAULT_TYPE=TurboCharger}",1.877984e-05,0.007741892,5.38882,2057,0.002134329,0.2756857,460,"*","InWarranty","*","*","*","*","VeryRural",FALSE,59417,0.007741892,5,104124,164945,134534.5,1.405209514,1.19001883217882e-07,5.50942184981534,9.76390429196852e-08,41.2336820379141,0.816411035349805,87,2,-6.30390786644692e-07,-4.82407966936618e-07,-57.7769026792314,0.275685710934743,0.180616497359274,0.275685710934743,5853,1,";11;16;1",0,0,FALSE,0,0
"2284","TurboCharger","{AGE=InWarranty,COUNTRY=Germany}=>{FAULT_TYPE=TurboCharger}",2.127021e-05,0.007104287,4.945009,2058,0.001496724,0.210679,521,"*","InWarranty","*","*","*","Germany","*",FALSE,73336,0.007104287,5,101442,164944,133193,1.405209514,1.21220574933492e-07,5.05567812430851,9.7535497308562e-08,41.200072679005,0.800171618540795,88,2,-6.28172094929082e-07,-4.82511512547741e-07,-57.8105120381405,0.21067898861631,0.066911994403309,0.21067898861631,5854,1,";11;15;1",0,0,FALSE,0,0
"2288","TurboCharger","{AGE=InWarranty,CUSTOMER_TYPE=Corporate}=>{FAULT_TYPE=TurboCharger}",2.718995e-05,0.008037654,5.594688,2069,0.002430091,0.3023383,666,"*","InWarranty","*","Corporate","*","*","*",FALSE,82860,0.008037654,5,105463,165334,135398.5,1.405209514,1.80335833952116e-07,5.71989722523328,1.49313109995675e-07,50.9660410013151,0.824046636600087,92,2,-5.69056835910458e-07,-4.30733899860628e-07,-48.0445437158304,0.302338343999381,0.233359921898388,0.302338343999381,5860,1,";11;13;1",0,0,FALSE,0,0
"2290","TurboCharger","{AGE=InWarranty,DEALERSHIP=Re-Import}=>{FAULT_TYPE=TurboCharger}",5.348173e-05,0.009115136,6.34468,2072,0.003507573,0.3848075,1310,"*","InWarranty","Re-Import","*","*","*","*",FALSE,143717,0.009115136,5,110125,165609,137867,1.405209514,4.12340206644101e-07,6.48667398646719,3.50831366782493e-07,78.0259598252137,0.847359406062422,94,2,-3.37052463218473e-07,-2.2921564307381e-07,-20.9846248919318,0.384807533316014,0.425507968500907,0.791388301831152,5862,1,";11;12;1",0,0,FALSE,0,0
"2291","TurboCharger","{AGE=InWarranty,MODEL=Lamura,USER_CUSTOMISED=N}=>{FAULT_TYPE=TurboCharger}",3.641657e-05,0.0111729,7.77701,8522,0.005302919,0.4746231,892,"Lamura","InWarranty","*","*","N","*","*",FALSE,79836,0.0111729,4,117023.5,165574.5,141299,1.405209514,3.55705784321753e-07,7.95105632909912,3.11985577713394e-07,73.6760078312292,0.874265435775253,95,3,-3.93686885540821e-07,-2.68061432142909e-07,-25.3345768859163,0.498110338408112,0.792470324223773,0.842505526765656,5863,1,";10;11;14;1",0,0,FALSE,0,0
"2292","TurboCharger","{AGE=InWarranty,MODEL=Opal,USER_CUSTOMISED=N}=>{FAULT_TYPE=TurboCharger}",9.622628e-05,0.01074313,7.477863,8523,0.004873146,0.4536057,2357,"Opal","InWarranty","*","*","N","*","*",FALSE,219396,0.01074313,4,115805.5,165702.5,140754,1.405209514,8.98553351303572e-07,7.6452158151272,7.88080690181049e-07,116.761411215543,0.874101276283825,96,3,1.31200449864871e-07,2.08033680324746e-07,17.7508264983975,0.478032659010921,0.715829168280226,0.774730269483847,5864,1,";10;11;14;1",0,0,FALSE,0,0
"2293","TurboCharger","{AGE=InWarranty,DEALERSHIP=VWDealer}=>{FAULT_TYPE=TurboCharger}",0.0001179048,0.009038982,6.291673,2074,0.003431419,0.3796245,2888,"*","InWarranty","VWDealer","*","*","*","*",FALSE,319505,0.009038982,5,109800,165704,137752,1.405209514,9.00058418207333e-07,6.4324799326686,7.70180358944693e-07,115.18948932774,0.852175561351717,97,2,5.9198138553213e-08,1.9013334908839e-07,16.1789046105945,0.379624497537444,0.411927377511017,0.753819069448307,5865,1,";11;12;1",0,0,FALSE,0,0
"2390","TurboCharger","{AGE=InWarranty,CUSTOMER_TYPE=Private,USER_CUSTOMISED=N,COUNTRY=Germany}=>{FAULT_TYPE=TurboCharger}",1.273763e-05,0.01691607,11.7746,21604,0.003640757,0.2152248,312,"*","InWarranty","*","Private","N","Germany","*",FALSE,18444,0.01691607,3,128733,165405,147069,1.405209514,1.97571601852288e-07,12.0381123465693,1.81295979575911e-07,56.2339071562318,0.915760967649881,111,4,-1.03876474878315e-06,-8.91104765240449e-07,-79.5086601534772,0.215224931086239,0.0742585056183291,0.86026955433502,6075,1,";11;13;14;15;1",0,0,FALSE,0,0
"2425","TurboCharger","{AGE=InWarranty}=>{FAULT_TYPE=TurboCharger}",0.0001783269,0.005607563,3.9032,244,Inf,Inf,4368,"*","InWarranty","*","*","*","*","*",FALSE,778948,0.005607563,6,94372,165679,130025.5,1.405209514,7.49392669862574e-07,3.99055297030959,5.80047009856303e-07,99.0105847171455,0.768230535603646,114,1,0,0,0,0,0,0,6123,1,";11;1",0,0,FALSE,0,0
"2436","TurboCharger","{AGE=InWarranty,DEALERSHIP=VWDealer,USER_CUSTOMISED=N,COUNTRY=France}=>{FAULT_TYPE=TurboCharger}",6.695422e-06,0.01165849,8.115008,21698,0.00069307,0.05944765,164,"*","InWarranty","VWDealer","*","N","France","*",FALSE,14067,0.01165849,3,117763,164302,141032.5,1.405209514,6.86500397381351e-08,8.296620456841,6.04102708021634e-08,32.4637281474715,0.877275350090647,119,4,-8.31408378469198e-07,-7.0977008814253e-07,-82.7257611802685,0.224686730442793,0.0898020261402186,0.809132657831331,6164,1,";11;12;14;15;1",0,0,FALSE,0,0
"2492","TurboCharger","{AGE=InWarranty,DEALERSHIP=VWDealer,USER_CUSTOMISED=N,COUNTRY=Germany,GEO_TYPE=NormalUrban}=>{FAULT_TYPE=TurboCharger}",6.654597e-06,0.01547664,10.77267,40571,0.001039194,0.06714598,163,"*","InWarranty","VWDealer","*","N","Germany","NormalUrban",FALSE,10532,0.01547664,2,126169,164821,145495,1.405209514,9.36396990978441e-08,11.0137597602403,8.51742386623156e-08,38.5503642563601,0.907562732480407,123,5,-8.06418719109489e-07,-6.85006120282377e-07,-76.6391250713799,0.245336197004001,0.125102804419525,0.856220407013409,6229,1,";11;12;14;15;16;1",0,0,FALSE,0,0
"2588","TurboCharger","{AGE=InWarranty,CUSTOMER_TYPE=Private,USER_CUSTOMISED=N,COUNTRY=Belgium,GEO_TYPE=NormalUrban}=>{FAULT_TYPE=TurboCharger}",5.266521e-06,0.02131175,14.83425,40975,0.005003929,0.2347968,129,"*","InWarranty","*","Private","N","Belgium","NormalUrban",FALSE,6053,0.02131175,2,134882,164952,149917,1.405209514,1.04838213506869e-07,15.1662437434935,9.7949838951335e-08,41.3443282131584,0.93281895860025,132,5,-1.13149813712857e-06,-9.74450905865025e-07,-94.3982390965506,0.234796767041655,0.106849945770027,0.889089821342687,6341,1,";11;13;14;15;16;1",0,0,FALSE,0,0
"2608","TurboCharger","{AGE=InWarranty,DEALERSHIP=Re-Import,COUNTRY=Germany}=>{FAULT_TYPE=TurboCharger}",7.226157e-06,0.01149799,8.003287,8399,0.00238285,0.2072407,177,"*","InWarranty","Re-Import","*","*","Germany","*",FALSE,15394,0.01149799,4,117385,164407,140896,1.405209514,7.29320163583723e-08,8.18240261359346,6.40590212721327e-08,33.4288456455267,0.875601626744273,137,3,-6.76460653504202e-07,-5.1598798858417e-07,-65.5817390716188,0.207240917760409,0.0614190288413394,0.834621181615221,6368,1,";11;12;15;1",0,0,FALSE,0,0
"2610","TurboCharger","{AGE=InWarranty,MODEL=Opal,USER_CUSTOMISED=N,COUNTRY=Germany}=>{FAULT_TYPE=TurboCharger}",1.196194e-05,0.01590835,11.07316,21598,0.005165219,0.324686,293,"Opal","InWarranty","*","*","N","Germany","*",FALSE,18418,0.01590835,3,127116.5,165321.5,146219,1.405209514,1.73485696305103e-07,11.3209808512583,1.58280492001494e-07,52.5433912252319,0.910376116794268,139,4,-7.25067654998469e-07,-6.29800198179555e-07,-64.2180199903111,0.324686092523738,0.280794191446,0.847872218049012,6370,1,";10;11;14;15;1",0,0,FALSE,0,0
"2611","TurboCharger","{AGE=InWarranty,DEALERSHIP=VWDealer,COUNTRY=Germany}=>{FAULT_TYPE=TurboCharger}",1.339084e-05,0.01167966,8.129745,8401,0.002640682,0.2260923,328,"*","InWarranty","VWDealer","*","*","Germany","*",FALSE,28083,0.01167966,4,117959,165181,141570,1.405209514,1.37583522545948e-07,8.31168582594723,1.21169425692494e-07,45.9637194044813,0.878001554433106,140,3,-7.62474895661385e-07,-6.49010933252199e-07,-69.2257699232587,0.226092026651461,0.0921441055084202,0.809478614959682,6371,1,";11;12;15;1",0,0,FALSE,0,0
"2612","TurboCharger","{AGE=InWarranty,CUSTOMER_TYPE=Private,COUNTRY=Germany}=>{FAULT_TYPE=TurboCharger}",1.718764e-05,0.01327531,9.240413,8403,0.00366326,0.2759453,421,"*","InWarranty","*","Private","*","Germany","*",FALSE,31713,0.01327531,4,121857,165413,143635,1.405209514,2.04019013917193e-07,9.44721044637049,1.82659767651161e-07,56.4297167656888,0.892935815318557,141,3,-1.03231733671825e-06,-8.89740977165199e-07,-79.3128505440202,0.275945119172358,0.181111497840353,0.821948414010671,6372,1,";11;13;15;1",0,0,FALSE,0,0
"2622","TurboCharger","{AGE=InWarranty,MODEL=Ultima,COUNTRY=Belgium}=>{FAULT_TYPE=TurboCharger}",7.593589e-06,0.008422387,5.862486,8437,0.001524356,0.1809886,186,"Ultima","InWarranty","*","*","*","Belgium","*",FALSE,22084,0.008422387,4,106646,163731,135188.5,1.405209514,5.32855617687373e-08,5.99368771424359,4.44353422750335e-08,27.8378789319125,0.830172374227073,147,3,-6.96107108093837e-07,-5.35611667581269e-07,-71.172705785233,0.334207392749823,0.301969601144563,0.334207392749823,6389,1,";10;11;15;1",0,0,FALSE,0,0
"2625","TurboCharger","{AGE=InWarranty,USER_CUSTOMISED=N,COUNTRY=Spain}=>{FAULT_TYPE=TurboCharger}",1.714681e-05,0.007149545,4.976511,8457,0.000742402,0.1038391,420,"*","InWarranty","*","*","N","Spain","*",FALSE,58745,0.007149545,4,101568,164709,133138.5,1.405209514,9.84970291546997e-08,5.08788542119136,7.9328173943601e-08,37.1672185419444,0.800977001274031,150,3,-6.50895640707874e-07,-5.00718835912702e-07,-61.8433661752011,0.215675542989099,0.0749828821704708,0.215675542989099,6398,1,";11;14;15;1",0,0,FALSE,0,0
"2628","TurboCharger","{AGE=InWarranty,COUNTRY=Belgium,GEO_TYPE=NormalUrban}=>{FAULT_TYPE=TurboCharger}",8.328452e-06,0.008010366,5.575695,8468,0.001112335,0.138862,204,"*","InWarranty","*","*","*","Belgium","NormalUrban",FALSE,25467,0.008010366,4,105023,163770,134396.5,1.405209514,5.50107287461397e-08,5.70047805696824,4.5407743393781e-08,28.1388805896444,0.821504274000281,151,3,-6.94381941116434e-07,-5.34639266462522e-07,-70.8717041275011,0.299961699627707,0.228493635597838,0.299961699627707,6403,1,";11;15;16;1",0,0,FALSE,0,0
"2629","TurboCharger","{AGE=InWarranty,DEALERSHIP=Re-Import,COUNTRY=Belgium}=>{FAULT_TYPE=TurboCharger}",7.266983e-06,0.01151433,8.014662,8469,0.002399192,0.2083658,178,"*","InWarranty","Re-Import","*","*","Belgium","*",FALSE,15459,0.01151433,4,117430,164420,140925,1.405209514,7.34628067167137e-08,8.19403077283748,6.45381418678082e-08,33.5535814279682,0.875781400241251,152,3,-6.7592986314586e-07,-5.15508867988495e-07,-65.4570032891773,0.20836592315836,0.0632116540681196,0.834855870901737,6404,1,";11;12;15;1",0,0,FALSE,0,0
"2631","TurboCharger","{AGE=InWarranty,MODEL=Opal,USER_CUSTOMISED=N,COUNTRY=Belgium}=>{FAULT_TYPE=TurboCharger}",1.216607e-05,0.01364781,9.499695,21829,0.002904682,0.2128313,298,"Opal","InWarranty","*","*","N","Belgium","*",FALSE,21835,0.01364781,3,122640.5,165256.5,143948.5,1.405209514,1.4894433449471e-07,9.71229547197614,1.3372789264612e-07,48.2931002694612,0.895531767759922,154,4,-7.49609016808862e-07,-6.54352797534929e-07,-68.4683109460818,0.212831216143836,0.0703767376226094,0.822674700189994,6406,1,";10;11;14;15;1",0,0,FALSE,0,0
"2633","TurboCharger","{AGE=InWarranty,CUSTOMER_TYPE=Private,COUNTRY=Belgium}=>{FAULT_TYPE=TurboCharger}",2.184177e-05,0.01222494,8.509289,8472,0.002612886,0.213734,535,"*","InWarranty","*","Private","*","Belgium","*",FALSE,43763,0.01222494,4,119485,165474,142479.5,1.405209514,2.363220647372e-07,8.69972760517475,2.09532181569965e-07,60.4233495924728,0.884060887870817,156,3,-1.00001428589824e-06,-8.62868563246395e-07,-75.3192177172362,0.213734136936459,0.0718350979682163,0.806650175788184,6408,1,";11;13;15;1",0,0,FALSE,0,0
"2634","TurboCharger","{AGE=InWarranty,USER_CUSTOMISED=N,COUNTRY=Belgium}=>{FAULT_TYPE=TurboCharger}",1.735094e-05,0.007186581,5.00229,8473,0.0002885495,0.04015115,425,"*","InWarranty","*","*","N","Belgium","*",FALSE,59138,0.007186581,4,101758,164739,133248.5,1.405209514,1.00312229771297e-07,5.11424163329426,8.0893258029946e-08,37.5317663346876,0.802027950732895,157,3,-6.49080440091277e-07,-4.99153751826357e-07,-61.4788183824579,0.219717554147097,0.0815875354769489,0.219717554147097,6409,1,";11;14;15;1",0,0,FALSE,0,0
"2639","TurboCharger","{AGE=InWarranty,DEALERSHIP=Re-Import,GEO_TYPE=NormalUrban}=>{FAULT_TYPE=TurboCharger}",1.498305e-05,0.01321142,9.195938,8511,0.004096283,0.3100562,367,"*","InWarranty","Re-Import","*","*","*","NormalUrban",FALSE,27779,0.01321142,4,121686,165320,143503,1.405209514,1.76893042022262e-07,9.40174391674379,1.58257608062473e-07,52.5295447297541,0.892268260432762,160,3,-5.72499627840312e-07,-4.2178940179383e-07,-46.4810399873914,0.310056299777011,0.249395640978558,0.856069673055584,6419,1,";11;12;16;1",0,0,FALSE,0,0
"2640","TurboCharger","{AGE=InWarranty,MODEL=Lamura,USER_CUSTOMISED=N,GEO_TYPE=NormalUrban}=>{FAULT_TYPE=TurboCharger}",8.614233e-06,0.01451169,10.10101,21941,0.003338787,0.2300757,211,"Lamura","InWarranty","*","*","N","*","NormalUrban",FALSE,14540,0.01451169,3,124349.5,165000.5,144675,1.405209514,1.12902276716357e-07,10.3270650073324,1.02030164650102e-07,42.1893757735138,0.90153512108051,161,4,-6.36490393146217e-07,-4.78016845206201e-07,-56.8212089436317,0.230075890540661,0.0988325639480974,0.87874120795028,6420,1,";10;11;14;16;1",0,0,FALSE,0,0
"2641","TurboCharger","{AGE=InWarranty,MODEL=Opal,USER_CUSTOMISED=N,GEO_TYPE=NormalUrban}=>{FAULT_TYPE=TurboCharger}",2.082113e-05,0.01517496,10.56268,21942,0.004431827,0.2920487,510,"Opal","InWarranty","*","*","N","*","NormalUrban",FALSE,33608,0.01517496,3,125847.5,165547.5,145697.5,1.405209514,2.86701764936569e-07,10.7990729131941,2.60510502321152e-07,67.3879455347916,0.906570933936215,162,4,-6.11851586367003e-07,-5.27570187859897e-07,-49.3734656807514,0.292048875252389,0.21252817692755,0.840520040909498,6421,1,";10;11;14;16;1",0,0,FALSE,0,0
"2646","TurboCharger","{AGE=InWarranty,DEALERSHIP=VWFranchise,CUSTOMER_TYPE=Private}=>{FAULT_TYPE=TurboCharger}",6.246339e-06,0.01231091,8.569131,8520,0.002698857,0.2192248,153,"*","InWarranty","VWFranchise","Private","*","*","*",FALSE,12428,0.01231091,4,119392,164301,141846.5,1.405209514,6.81207022680208e-08,8.76090709417158,6.03758030082018e-08,32.4555519692257,0.883750452732075,166,3,-1.16821564836742e-06,-1.01202494180816e-06,-103.287015340483,0.219224817661732,0.0807790816092262,0.808000383399765,6429,1,";11;12;13;1",0,0,FALSE,0,0
"2664","TurboCharger","{MODEL=Opal,USER_CUSTOMISED=N,COUNTRY=Germany,GEO_TYPE=NormalUrban}=>{FAULT_TYPE=TurboCharger}",5.062393e-05,0.003094654,2.154064,22297,0.0002054496,0.06638855,1240,"Opal","*","*","*","N","Germany","NormalUrban",FALSE,400691,0.003094654,3,71194.5,164422.5,117808.5,1.405209514,8.552631939815e-08,2.20227230827018,4.74673223680197e-08,28.548515539465,0.544671351889637,169,4,-6.81826582040551e-07,-4.20547354297854e-07,-46.399217944296,0.217973317857182,0.0787287812161701,0.217973317857182,6513,1,";10;14;15;16;1",0,0,FALSE,0,0
"2850","AirConditioning","{AGE=InWarranty,MODEL=Opal,DEALERSHIP=Re-Import,USER_CUSTOMISED=N}=>{FAULT_TYPE=AirConditioning}",7.022028e-06,0.002135028,31.88788,16294,0.0004668117,0.2186443,172,"Opal","InWarranty","Re-Import","*","N","*","*",FALSE,80561,0.002135028,3,150155.5,164947.5,157551.5,0.066446963,1.4525633962083e-08,32.1313105009781,1.41200031392961e-08,72.0297362595241,0.971836457028223,174,4,-9.4083513779591e-09,-9.0683620792905e-09,-20.0133363887885,0.218644439323512,0.0798282394351362,0.218644439323512,47,1,";10;11;12;14;1",0,0,FALSE,0,0
"3060","BreakPad","{AGE=InWarranty,MODEL=Opal,DEALERSHIP=VWDealer,USER_CUSTOMISED=N,GEO_TYPE=SuperRural}=>{FAULT_TYPE=BreakPad}",4.776612e-06,0.01062767,39.61013,36364,0.001061342,0.09986591,117,"Opal","InWarranty","VWDealer","*","N","*","SuperRural",FALSE,11009,0.01062767,2,153007.5,164706.5,158857,0.266306969,4.9492210990231e-08,39.9075925046483,4.8273748581858e-08,66.6280949388681,0.97519223663317,190,5,-2.00885059559727e-07,-1.90454008166968e-07,-80.6031045976369,0.362091879028988,0.367626308977856,0.575037519983214,1521,1,";10;11;12;14;16;1",0,0,FALSE,0,0
"3066","BreakPad","{AGE=InWarranty,DEALERSHIP=VWDealer,CUSTOMER_TYPE=Private,GEO_TYPE=VeryRural}=>{FAULT_TYPE=BreakPad}",9.349096e-06,0.006720272,25.04697,18128,0.0004079712,0.06070755,229,"*","InWarranty","VWDealer","Private","*","*","VeryRural",FALSE,34076,0.006720272,3,146438,164972,155705,0.266306969,6.0338738655462e-08,25.2350587190229,5.80283953369868e-08,73.0159066785792,0.961412507638837,192,4,-1.90038531894496e-07,-1.80699361411839e-07,-74.2152928579258,0.32794967227517,0.287984730777051,0.32794967227517,1539,1,";11;12;13;16;1",0,0,FALSE,0,0
"3115","BreakPad","{AGE=InWarranty,MODEL=Ultima,DEALERSHIP=VWDealer,CUSTOMER_TYPE=Private,USER_CUSTOMISED=Y}=>{FAULT_TYPE=BreakPad}",9.716528e-06,0.005864236,21.85645,36282,0.0007245611,0.1235559,238,"Ultima","InWarranty","VWDealer","Private","Y","*","*",FALSE,40585,0.005864236,2,144041.5,164827.5,154434.5,0.266306969,5.43924341717244e-08,22.020587827726,5.20085380304523e-08,69.1157035419522,0.955830655565269,194,5,-1.95984836378234e-07,-1.86719218718374e-07,-78.1154959945528,0.229846650100712,0.0984435192017663,0.229846650100712,1685,1,";10;11;12;13;14;1",0,0,FALSE,0,0
"3118","BreakPad","{AGE=InWarranty,MODEL=Opal,DEALERSHIP=VWDealer,USER_CUSTOMISED=N}=>{FAULT_TYPE=BreakPad}",3.564088e-05,0.006779477,25.26763,18259,0.001647931,0.2430765,873,"Opal","InWarranty","VWDealer","*","N","*","*",FALSE,128771,0.006779477,3,146608.5,165660.5,156134.5,0.266306969,2.32135111494467e-07,25.457377347117,2.24195152213851e-07,143.241222790487,0.965499468852122,196,4,-1.8242159055491e-08,-1.4532604534975e-08,-3.98997674601799,0.333818670673269,0.301093744219611,0.333818670673269,1737,1,";10;11;12;14;1",0,0,FALSE,0,0
"3190","Exhaust","{AGE=InWarranty,MODEL=Opal,CUSTOMER_TYPE=Corporate,USER_CUSTOMISED=N}=>{FAULT_TYPE=Exhaust}",5.919733e-06,0.003829495,25.03362,16630,0.001536837,0.4013158,145,"Opal","InWarranty","*","Corporate","N","*","*",FALSE,37864,0.003829495,3,146563.5,164293.5,155428.5,0.150783493,2.17769899054676e-08,25.3973092399445,2.095192593596e-08,58.2994988210156,0.961540089797599,199,4,-3.67129089746019e-08,-3.35336504170893e-08,-34.7144086440032,0.560502625019748,1.07532726459691,0.560502625019748,2462,1,";10;11;13;14;1",0,0,FALSE,0,0
"3256","Exhaust","{AGE=InWarranty,MODEL=Opal,DEALERSHIP=Re-Import,USER_CUSTOMISED=N}=>{FAULT_TYPE=Exhaust}",1.375828e-05,0.004183166,27.34559,16642,0.001210475,0.2893681,337,"Opal","InWarranty","Re-Import","*","N","*","*",FALSE,80561,0.004183166,3,148050.5,165390.5,156720.5,0.150783493,5.5478647598408e-08,27.7428643996197,5.36553656852647e-08,93.2137523641196,0.966610165663865,201,4,-3.0112512816615e-09,-8.30210667784598e-10,0.199844899100796,0.289368148431117,0.207200724098604,0.597660480124384,2580,1,";10;11;12;14;1",0,0,FALSE,0,0
"3266","Exhaust","{AGE=InWarranty,USER_CUSTOMISED=N,COUNTRY=Germany}=>{FAULT_TYPE=Exhaust}",4.939915e-06,0.002241986,14.65599,5621,0.0005589331,0.2493026,121,"*","InWarranty","*","*","N","Germany","*",FALSE,53970,0.002241986,4,135046,162250,148648,0.150783493,1.03303626323669e-08,14.868908760457,9.65687698383409e-09,39.5665464495194,0.933826056264829,202,3,-4.81595362477026e-08,-4.48286993692152e-08,-53.4473610154994,0.249302627224256,0.132095190787443,0.249302627224256,2621,1,";11;14;15;1",0,0,FALSE,0,0
"3270","Exhaust","{AGE=InWarranty,DEALERSHIP=Re-Import,USER_CUSTOMISED=N}=>{FAULT_TYPE=Exhaust}",1.465644e-05,0.002972691,19.43265,5638,0.001289638,0.4338284,359,"*","InWarranty","Re-Import","*","N","*","*",FALSE,120766,0.002972691,4,141818,165158,153488,0.150783493,4.13591180618951e-08,19.7149630961262,3.94558033734456e-08,79.8676600271182,0.953240014779999,206,3,-1.71307808181744e-08,-1.50297729796037e-08,-13.1462474379006,0.433828473931532,0.566249827071674,0.433828473931532,2628,1,";11;12;14;1",0,0,FALSE,0,0
"3466","Gearbox","{AGE=InWarranty,MODEL=Eleganz,CUSTOMER_TYPE=Other,USER_CUSTOMISED=N,COUNTRY=Spain,GEO_TYPE=Suburban}=>{FAULT_TYPE=Gearbox}",8.940838e-06,0.01718051,19.71079,58754,0.0024142,0.1405197,219,"Eleganz","InWarranty","*","Other","N","Spain","Suburban",FALSE,12747,0.01718051,1,141891.5,165271.5,153581.5,0.852589609,1.45985291092828e-07,20.1509727759302,1.38812934890132e-07,63.1611554032236,0.94976063711925,220,6,-1.66515557983895e-06,-1.56910868253626e-06,-157.028362126566,0.28090260417182,0.190633099809328,0.853357205344894,3355,1,";10;11;13;14;15;16;1",0,0,FALSE,0,0
"3470","Gearbox","{AGE=InWarranty,DEALERSHIP=VWFranchise,CUSTOMER_TYPE=Other,COUNTRY=Spain,GEO_TYPE=Suburban}=>{FAULT_TYPE=Gearbox}",6.736248e-06,0.01599302,18.34841,39753,0.001274152,0.07966923,165,"*","InWarranty","VWFranchise","Other","*","Spain","Suburban",FALSE,10317,0.01599302,2,140325,164937,152631,0.852589609,1.01989693940513e-07,18.7581690313563,9.65932923920531e-08,52.69023492232,0.94589778428113,221,5,-1.70915117699127e-06,-1.61132832503434e-06,-167.49928260747,0.22750925091071,0.0945147133532456,0.842468902058523,3359,1,";11;12;13;15;16;1",0,0,FALSE,0,0
"3486","Gearbox","{AGE=InWarranty,MODEL=Eleganz,DEALERSHIP=DodgyDealer,CUSTOMER_TYPE=Other,USER_CUSTOMISED=N,COUNTRY=Holland}=>{FAULT_TYPE=Gearbox}",5.103218e-06,0.01552602,17.81264,58756,0.0009118033,0.05872743,125,"Eleganz","InWarranty","DodgyDealer","Other","N","Holland","*",FALSE,8051,0.01552602,1,139655.5,164530.5,152093,0.852589609,7.48817140930982e-08,18.2104260198649,7.07929554983569e-08,45.1098900183283,0.944170412707581,227,6,-1.73625915683868e-06,-1.63712866192803e-06,-175.079627511462,0.204273857691797,0.0567145748468243,0.837730596765945,3402,1,";10;11;12;13;14;15;1",0,0,FALSE,0,0
"3489","Gearbox","{AGE=InWarranty,MODEL=Eleganz,CUSTOMER_TYPE=Other,USER_CUSTOMISED=N,COUNTRY=Holland,GEO_TYPE=Suburban}=>{FAULT_TYPE=Gearbox}",9.226619e-06,0.01572612,18.0422,58760,0.001111897,0.07070384,226,"Eleganz","InWarranty","*","Other","N","Holland","Suburban",FALSE,14371,0.01572612,1,140037.5,165243.5,152640.5,0.852589609,1.37232398102678e-07,18.4451227577652,1.29868592000349e-07,61.0903704449403,0.945128893078532,228,6,-1.6739084728291e-06,-1.57805302542604e-06,-159.09914708485,0.21439872009116,0.0729111652432588,0.839795321414309,3406,1,";10;11;13;14;15;16;1",0,0,FALSE,0,0
"3507","Gearbox","{AGE=InWarranty,CUSTOMER_TYPE=Other,COUNTRY=Germany}=>{FAULT_TYPE=Gearbox}",1.951471e-05,0.01545675,17.73316,8130,0.003102292,0.2007079,478,"*","InWarranty","*","Other","*","Germany","*",FALSE,30925,0.01545675,4,139922,165542,152732,0.852589609,2.84995954823852e-07,18.129179427989,2.69616017332048e-07,87.9927005955008,0.944801322743611,234,3,-1.52614491610793e-06,-1.43830560009434e-06,-132.196816934289,0.200707781390008,0.05110768920584,0.837003380400149,3428,1,";11;13;15;1",0,0,FALSE,0,0
"3516","Gearbox","{CUSTOMER_TYPE=Other,COUNTRY=Spain,GEO_TYPE=VeryRural}=>{FAULT_TYPE=Gearbox}",4.082575e-06,0.003169472,3.636259,8148,0.0003593766,0.1133869,100,"*","*","*","Other","*","Spain","VeryRural",FALSE,31551,0.003169472,4,91402,155968,123685,0.852589609,9.45884612743682e-09,3.71746496384992,6.92332967895678e-09,14.1002155542781,0.725927179378841,241,3,-1.44338085167737e-06,-1.46270410878275e-06,-152.145873011243,0.205104825030794,0.058027542612342,0.205104825030794,3440,1,";13;15;16;1",0,0,FALSE,0,0
"3517","Gearbox","{CUSTOMER_TYPE=Other,COUNTRY=Switzerland,GEO_TYPE=VeryRural}=>{FAULT_TYPE=Gearbox}",4.205052e-06,0.003582609,4.110242,8151,0.0007725136,0.2156288,103,"*","*","*","Other","*","Switzerland","VeryRural",FALSE,28750,0.003582609,4,95401,157410,126405.5,0.852589609,1.14798735001633e-08,4.20203221125581,8.75817250292463e-09,15.8598784689039,0.757594525071504,242,3,-1.44135982430465e-06,-1.46086926595879e-06,-150.386210096617,0.296770035468565,0.222009974030646,0.296770035468565,3442,1,";13;15;16;1",0,0,FALSE,0,0
"3532","Gearbox","{CUSTOMER_TYPE=Other,COUNTRY=Germany}=>{FAULT_TYPE=Gearbox}",0.0001054529,0.003501404,4.017078,2001,0.0009820068,0.2804608,2583,"*","*","*","Other","*","Germany","*",FALSE,737704,0.003501404,5,95329,165531,130430,0.852589609,2.79325159092684e-07,4.10678709081006,2.17871348485904e-07,77.9485059105554,0.77438523668795,251,2,-1.17351453871213e-06,-1.25175608997581e-06,-88.2975826549656,0.280460638075469,0.18977806707648,0.280460638075469,3469,1,";13;15;1",0,0,FALSE,0,0
"3538","Gearbox","{CUSTOMER_TYPE=Other,GEO_TYPE=NormalUrban}=>{FAULT_TYPE=Gearbox}",0.000192126,0.003197161,3.668026,2013,0.0006777631,0.2119891,4706,"*","*","*","Other","*","*","NormalUrban",FALSE,1471931,0.003197161,5,92313,165610,128961.5,0.852589609,4.50453123067266e-07,3.74994131555267,3.51449943263909e-07,97.4590976601048,0.773878249327754,257,2,-1.00238657473754e-06,-1.1181774951978e-06,-68.7869909054162,0.211989011501141,0.0690178667506822,0.211989011501141,3475,1,";13;16;1",0,0,FALSE,0,0
"3625","Gearbox","{MODEL=Eleganz,CUSTOMER_TYPE=Other,USER_CUSTOMISED=N,COUNTRY=Spain,GEO_TYPE=NormalRural}=>{FAULT_TYPE=Gearbox}",9.063316e-06,0.00315332,3.617728,39832,5.887267e-07,0.0001867006,222,"Eleganz","*","*","Other","N","Spain","NormalRural",FALSE,70402,0.00315332,2,91382.5,160656.5,126019.5,0.852589609,2.08522465644366e-08,3.69852032761521,1.52581065056633e-08,20.915749242475,0.725669182730603,271,5,-1.43198745124037e-06,-1.45436933195605e-06,-145.330339323046,0.201033196757703,0.0516164871216247,0.201033196757703,3618,1,";10;13;14;15;16;1",0,0,FALSE,0,0
"3641","Gearbox","{AGE=InWarranty,CUSTOMER_TYPE=Other,COUNTRY=Belgium,GEO_TYPE=NormalUrban}=>{FAULT_TYPE=Gearbox}",8.124324e-06,0.01677767,19.24863,21033,0.002245912,0.1338631,199,"*","InWarranty","*","Other","*","Belgium","NormalUrban",FALSE,11861,0.01677767,3,141407,165201,153304,0.852589609,1.29380512822531e-07,19.6784828514137,1.22865246925449e-07,59.4233983713147,0.948507542417902,281,4,-1.68176035810925e-06,-1.58505637050094e-06,-160.766119158475,0.263636726673013,0.1580262308673,0.84983624066989,3643,1,";11;13;15;16;1",0,0,FALSE,0,0
"3643","Gearbox","{AGE=InWarranty,MODEL=Eleganz,CUSTOMER_TYPE=Other,USER_CUSTOMISED=N,COUNTRY=Belgium}=>{FAULT_TYPE=Gearbox}",1.804498e-05,0.01601159,18.36972,39767,0.001996846,0.1247125,442,"Eleganz","InWarranty","*","Other","N","Belgium","*",FALSE,27605,0.01601159,2,140633.5,165523.5,153078.5,0.852589609,2.73543858875587e-07,18.7799497331195,2.59270280417556e-07,86.2938089099959,0.946629431223349,283,5,-1.53759701205619e-06,-1.44865133700883e-06,-133.895708619794,0.228405174002082,0.0960178152206208,0.842651604244176,3645,1,";10;11;13;14;15;1",0,0,FALSE,0,0
"3645","Gearbox","{AGE=InWarranty,MODEL=Eleganz,CUSTOMER_TYPE=Other,USER_CUSTOMISED=N,GEO_TYPE=NormalUrban}=>{FAULT_TYPE=Gearbox}",3.682482e-05,0.01548578,17.76646,39790,0.0009540136,0.0616058,902,"Eleganz","InWarranty","*","Other","N","*","NormalUrban",FALSE,58247,0.01548578,2,140067.5,165646.5,152857,0.852589609,5.38864602174305e-07,18.1632286348918,5.104106348226e-07,121.001569343597,0.945963654823476,285,5,-1.27227626875747e-06,-1.19751098260379e-06,-99.187948186193,0.20220615299972,0.0534574494217743,0.837308937618899,3648,1,";10;11;13;14;16;1",0,0,FALSE,0,0
"3744","SparkPlugs","{AGE=InWarranty,USER_CUSTOMISED=N,COUNTRY=France}=>{FAULT_TYPE=SparkPlugs}",6.532119e-06,0.002776814,9.778067,7220,0.0002693344,0.09699404,160,"*","InWarranty","*","*","N","France","*",FALSE,57620,0.002776814,4,123823,161448,142635.5,0.277887269,1.6323286779173e-08,9.99259163614293,1.47243883182041e-08,35.9887013292817,0.899847078532533,295,3,-1.07809192111117e-07,-9.66759318232149e-08,-61.5292261752322,0.236706167571901,0.110111800033062,0.236706167571901,4732,1,";11;14;15;1",0,0,FALSE,0,0
"3749","SparkPlugs","{AGE=InWarranty,USER_CUSTOMISED=N,GEO_TYPE=Suburban}=>{FAULT_TYPE=SparkPlugs}",2.731242e-05,0.002699758,9.506729,7331,0.0001922786,0.0712207,669,"*","InWarranty","*","*","N","*","Suburban",FALSE,247800,0.002699758,4,123110,164952,144031,0.277887269,6.6147150590779e-08,9.71529933600521,5.99450491723929e-08,72.3315272580635,0.903956326222296,296,3,-5.7985328299511e-08,-5.14552709690261e-08,-25.1864002464504,0.214920374344663,0.0737564752387658,0.214920374344663,4758,1,";11;14;16;1",0,0,FALSE,0,0
"3790","TurboCharger","{CUSTOMER_TYPE=Corporate,COUNTRY=Belgium}=>{FAULT_TYPE=TurboCharger}",2.85372e-05,0.002010111,1.399158,2193,0.0001991614,0.09907979,699,"*","*","*","Corporate","*","Belgium","*",FALSE,347742,0.002010111,5,50278,159822,105050,1.405209514,1.72621946862792e-08,1.43047067357103,5.26951169341692e-09,9.52243542825717,0.289392674670009,297,2,0,0,0,0,0,0,5417,1,";13;15;1",0,0,FALSE,0,0
"3793","TurboCharger","{MODEL=Lamura,USER_CUSTOMISED=N}=>{FAULT_TYPE=TurboCharger}",0.0004120951,0.00175967,1.224836,2265,0.0004109343,0.2335292,10094,"Lamura","*","*","*","N","*","*",FALSE,5736303,0.00175967,5,44234.5,165149.5,104692,1.405209514,1.46071429424219e-07,1.25224742820806,3.84220196983199e-08,22.6630669352629,0.239698690657232,300,2,0,0,0,0,0,0,5423,1,";10;14;1",0,0,FALSE,0,0
"3796","TurboCharger","{MODEL=Opal,USER_CUSTOMISED=N}=>{FAULT_TYPE=TurboCharger}",0.0007560928,0.002420102,1.684536,2266,0.001071367,0.4426948,18520,"Opal","*","*","*","N","*","*",FALSE,7652570,0.002420102,5,59691.5,165681.5,112686.5,1.405209514,7.67352901438701e-07,1.72223570641154,4.68014676665874e-07,74.947733483761,0.591008750950266,303,2,0,0,0,0,0,0,5427,1,";10;14;1",0,0,FALSE,0,0
"3801","TurboCharger","{DEALERSHIP=Re-Import,COUNTRY=Belgium}=>{FAULT_TYPE=TurboCharger}",4.801108e-05,0.002515497,1.750937,2196,0.0006139731,0.2440762,1176,"*","*","Re-Import","*","*","Belgium","*",FALSE,467502,0.002515497,5,61539,163495,112517,1.405209514,5.33061013133449e-08,1.79012238028442,2.39859882335669e-08,20.2657178881948,0.437221999571135,308,2,-1.21092456241634e-07,-3.18520007411963e-08,-7.9224429111477,0.244076220325447,0.122884755148266,0.244076220325447,5441,1,";12;15;1",0,0,FALSE,0,0
"3802","TurboCharger","{MODEL=Lamura,USER_CUSTOMISED=N,COUNTRY=Belgium}=>{FAULT_TYPE=TurboCharger}",6.140192e-05,0.002375623,1.653576,9045,0.0005646738,0.237695,1504,"Lamura","*","*","*","N","Belgium","*",FALSE,633097,0.002375623,4,58795.5,163698.5,111247,1.405209514,5.95852512342931e-08,1.69058277526009,2.49856534099653e-08,20.6123145996342,0.405737025166549,309,3,-8.64861781899259e-08,-1.34363662883546e-08,-2.0507523356287,0.259280618178894,0.150038974823501,0.259280618178894,5442,1,";10;14;15;1",0,0,FALSE,0,0
"3804","TurboCharger","{DEALERSHIP=VWDealer,COUNTRY=Belgium}=>{FAULT_TYPE=TurboCharger}",0.0001497897,0.002790248,1.942179,2198,0.0005650224,0.202499,3669,"*","*","VWDealer","*","*","Belgium","*",FALSE,1314937,0.002790248,5,66242,165414,115828,1.405209514,2.07464499306394e-07,1.98564553698289,1.08824392391168e-07,42.3983665713487,0.512634431683884,311,2,-6.33395780347726e-07,-4.65867997532152e-07,-31.1467405219438,0.202499204371798,0.0539172665416114,0.202499204371798,5444,1,";12;15;1",0,0,FALSE,0,0
"3856","TurboCharger","{COUNTRY=France,GEO_TYPE=SuperRural}=>{FAULT_TYPE=TurboCharger}",4.490832e-06,0.003227794,2.246738,2078,0.0001864445,0.0577622,110,"*","*","*","*","*","France","SuperRural",FALSE,34079,0.003227794,5,72312,154881,113596.5,1.405209514,8.18492073243235e-09,2.29701974534169,4.62808119744019e-09,8.9818521454877,0.555683408330158,325,2,0,0,0,0,0,0,5869,1,";15;16;1",0,0,FALSE,0,0
"3857","TurboCharger","{COUNTRY=Holland,GEO_TYPE=SuperRural}=>{FAULT_TYPE=TurboCharger}",1.371745e-05,0.003622329,2.521358,2081,0.0005809793,0.1603883,336,"*","*","*","*","*","Holland","SuperRural",FALSE,92758,0.003622329,5,77518,162038,119778,1.405209514,3.04132256932307e-08,2.5777857066231,1.86857900958993e-08,18.0260096054665,0.605681986236927,326,2,0,0,0,0,0,0,5870,1,";15;16;1",0,0,FALSE,0,0
"3858","TurboCharger","{COUNTRY=Austria,GEO_TYPE=SuperRural}=>{FAULT_TYPE=TurboCharger}",1.922893e-05,0.003621768,2.520967,2084,0.0005804178,0.1602582,471,"*","*","*","*","*","Austria","SuperRural",FALSE,130047,0.003621768,5,77626,162987,120306.5,1.405209514,4.26220479682e-08,2.57738647789998,2.62243534607252e-08,21.3385141542015,0.60654714552991,327,2,0,0,0,0,0,0,5872,1,";15;16;1",0,0,FALSE,0,0
"3860","TurboCharger","{USER_CUSTOMISED=N,GEO_TYPE=SuperRural}=>{FAULT_TYPE=TurboCharger}",9.8635e-05,0.003050659,2.123441,2091,9.309394e-06,0.003051601,2416,"*","*","*","*","N","*","SuperRural",FALSE,791960,0.003050659,5,70576,165242,117909,1.405209514,1.6229891005161e-07,2.17096380974261,9.04649340395071e-08,39.0904787185493,0.54674387494843,329,2,0,0,0,0,0,0,5877,1,";14;16;1",0,0,FALSE,0,0
"3861","TurboCharger","{COUNTRY=France,GEO_TYPE=VeryRural}=>{FAULT_TYPE=TurboCharger}",8.042672e-06,0.002666558,1.856084,2094,0.0003145116,0.1179466,197,"*","*","*","*","*","France","VeryRural",FALSE,73878,0.002666558,5,63574,156528,110051,1.405209514,1.01446121505946e-08,1.89762307572876,4.81317120615374e-09,9.15224139580191,0.462626705149485,330,2,0,0,0,0,0,0,5878,1,";15;16;1",0,0,FALSE,0,0
"3862","TurboCharger","{DEALERSHIP=Re-Import,GEO_TYPE=VeryRural}=>{FAULT_TYPE=TurboCharger}",3.433445e-05,0.002553561,1.777431,2103,0.0002015142,0.07891497,841,"*","*","Re-Import","*","*","*","VeryRural",FALSE,329344,0.002553561,5,62039,162725,112382,1.405209514,3.94280166784927e-08,1.81721015589423,1.79726689947712e-08,17.5927821887412,0.443351549281018,331,2,-1.34970540876486e-07,-3.7865319979992e-08,-10.5953786106013,0.255344203643461,0.142902383998535,0.255344203643461,5884,1,";12;16;1",0,0,FALSE,0,0
"3869","TurboCharger","{CUSTOMER_TYPE=Private,COUNTRY=Germany}=>{FAULT_TYPE=TurboCharger}",0.0001163534,0.003050321,2.123206,2116,0.0006866307,0.2251011,2850,"*","*","*","Private","*","Germany","*",FALSE,934328,0.003050321,5,70570,165372,117971,1.405209514,1.91414314775152e-07,2.17072327621602,1.07328336152429e-07,42.4502085089702,0.549993400170634,338,2,-9.90214805572938e-07,-8.94169256119801e-07,-49.0042174462131,0.225101227051186,0.0904911590577344,0.225101227051186,5894,1,";13;15;1",0,0,FALSE,0,0
"3870","TurboCharger","{CUSTOMER_TYPE=Corporate,GEO_TYPE=NormalRural}=>{FAULT_TYPE=TurboCharger}",1.612617e-05,0.001813699,1.262443,2128,0.0001624235,0.08955372,395,"*","*","*","Corporate","*","*","NormalRural",FALSE,217787,0.001813699,5,45258,152932,99095,1.405209514,6.58737089444862e-09,1.29069649894215,1.49694750648353e-09,5.08899085342641,0.20974991587447,339,2,0,0,0,0,0,0,5900,1,";13;16;1",0,0,FALSE,0,0
"3882","TurboCharger","{CUSTOMER_TYPE=Corporate,COUNTRY=Holland}=>{FAULT_TYPE=TurboCharger}",2.31482e-05,0.001647973,1.147088,2183,1.63548e-05,0.009924192,567,"*","*","*","Corporate","*","Holland","*",FALSE,344059,0.001647973,5,40846,151371,96108.5,1.405209514,5.6195377266252e-09,1.17275963732195,8.39609490325498e-10,3.8013218130527,0.130054100560912,351,2,0,0,0,0,0,0,5919,1,";13;15;1",0,0,FALSE,0,0
"3931","TurboCharger","{DEALERSHIP=Re-Import}=>{FAULT_TYPE=TurboCharger}",0.0003513872,0.001901524,1.323575,262,Inf,Inf,8607,"*","*","Re-Import","*","*","*","*",FALSE,4526369,0.001901524,6,47854,165307,106580.5,1.405209514,1.74398557554979e-07,1.35319607578461,5.58379889747632e-08,28.1881607993425,0.299887140813879,368,1,0,0,0,0,0,0,6141,1,";12;1",0,0,FALSE,0,0
"3932","TurboCharger","{DEALERSHIP=VWDealer}=>{FAULT_TYPE=TurboCharger}",0.00102542,0.002225225,1.54889,264,Inf,Inf,25117,"*","*","VWDealer","*","*","*","*",FALSE,11287398,0.002225225,6,55608,165695,110651.5,1.405209514,8.4086027965412e-07,1.58355389557945,5.7469238992332e-07,73.5451070932925,0.657246098977053,369,1,0,0,0,0,0,0,6143,1,";12;1",0,0,FALSE,0,0
"3961","TurboCharger","{DEALERSHIP=VWFranchise,CUSTOMER_TYPE=Private,GEO_TYPE=SuperRural}=>{FAULT_TYPE=TurboCharger}",5.674779e-06,0.003902193,2.71616,8573,0.0001409889,0.0361307,139,"*","*","VWFranchise","Private","*","*","SuperRural",FALSE,35621,0.003902193,4,80547,158754,119650.5,1.405209514,1.41698294496996e-08,2.77694746663948,9.08037147569401e-09,12.5806631741374,0.632753311750491,387,3,-1.16745929089839e-06,-9.92417220796536e-07,-78.8737627810459,0.394266249772884,0.450890371025534,0.394266249772884,6451,1,";12;13;16;1",0,0,FALSE,0,0
"3969","TurboCharger","{MODEL=Opal,USER_CUSTOMISED=N,COUNTRY=Spain,GEO_TYPE=VeryRural}=>{FAULT_TYPE=TurboCharger}",2.963949e-05,0.003451309,2.402317,22147,0.0005216181,0.1511363,726,"Opal","*","*","*","N","Spain","VeryRural",FALSE,210355,0.003451309,3,75677.5,163736.5,119707,1.405209514,6.06453452543021e-08,2.45608143526987,3.62648805060895e-08,25.0517446974981,0.588791750086243,393,4,-7.06707556184399e-07,-4.31749796159784e-07,-49.8959887862629,0.298787213778888,0.226100672698919,0.298787213778888,6473,1,";10;14;15;16;1",0,0,FALSE,0,0
"3970","TurboCharger","{DEALERSHIP=VWDealer,COUNTRY=Spain,GEO_TYPE=VeryRural}=>{FAULT_TYPE=TurboCharger}",3.053766e-05,0.003273867,2.278807,8606,0.0003441764,0.1051284,748,"*","*","VWDealer","*","*","Spain","VeryRural",FALSE,228476,0.003273867,4,73350,163635,118492.5,1.405209514,5.70644269639228e-08,2.32980702691143,3.28779031940419e-08,23.8443127554242,0.566457710389737,394,3,-7.83795852690197e-07,-5.41814486729278e-07,-49.7007943378683,0.320306842031152,0.27125214664101,0.320306842031152,6474,1,";12;15;16;1",0,0,FALSE,0,0
"3971","TurboCharger","{CUSTOMER_TYPE=Private,COUNTRY=Spain,GEO_TYPE=VeryRural}=>{FAULT_TYPE=TurboCharger}",3.608996e-05,0.003323383,2.313274,8607,0.0003936928,0.1184615,884,"*","*","*","Private","*","Spain","VeryRural",FALSE,265994,0.003323383,4,74165,164048,119106.5,1.405209514,6.92268043828006e-08,2.36504447691919,4.0394637498451e-08,26.4094048979924,0.573944902169276,395,3,-1.11240231596529e-06,-9.61102954773779e-07,-65.0450210571909,0.288769907049534,0.206014770138215,0.288769907049534,6475,1,";13;15;16;1",0,0,FALSE,0,0
"3976","TurboCharger","{MODEL=Opal,USER_CUSTOMISED=N,COUNTRY=Belgium,GEO_TYPE=VeryRural}=>{FAULT_TYPE=TurboCharger}",1.249268e-05,0.004533871,3.155845,22174,0.0006754626,0.1489814,306,"Opal","*","*","*","N","Belgium","VeryRural",FALSE,67492,0.004533871,3,86636.5,162703.5,124670,1.405209514,3.90853667729225e-08,3.22647331577916,2.70459284939498e-08,21.6979915702621,0.685015201506702,400,4,-7.28267534665779e-07,-4.40968748171924e-07,-53.2497419134989,0.46621727878892,0.673421499793301,0.46621727878892,6484,1,";10;14;15;16;1",0,0,FALSE,0,0
"3977","TurboCharger","{DEALERSHIP=VWDealer,COUNTRY=Belgium,GEO_TYPE=VeryRural}=>{FAULT_TYPE=TurboCharger}",1.22069e-05,0.004325247,3.010631,8618,0.0004668389,0.1079335,299,"*","*","VWDealer","*","*","Belgium","VeryRural",FALSE,69129,0.004325247,4,84893,162498,123695.5,1.405209514,3.56446055878534e-08,3.07800862213633,2.41322979920242e-08,20.4952573160524,0.669733857095501,401,3,-8.05215674066267e-07,-5.50560091931296e-07,-53.0498497772401,0.354892795717794,0.35013018837889,0.485526491319455,6485,1,";12;15;16;1",0,0,FALSE,0,0
"3978","TurboCharger","{CUSTOMER_TYPE=Private,COUNTRY=Belgium,GEO_TYPE=VeryRural}=>{FAULT_TYPE=TurboCharger}",1.461562e-05,0.004456838,3.102226,8619,0.0005984303,0.1342724,358,"*","*","*","Private","*","Belgium","VeryRural",FALSE,80326,0.004456838,4,86042,163086,124564,1.405209514,4.46014423325513e-08,3.17165373248391,3.06393923228432e-08,23.0884374295124,0.679880439359921,402,3,-1.13702767801554e-06,-9.70858199949387e-07,-68.3659885256709,0.469648661225739,0.685542549899684,0.469648661225739,6486,1,";13;15;16;1",0,0,FALSE,0,0
"3980","TurboCharger","{DEALERSHIP=VWDealer,COUNTRY=Switzerland,GEO_TYPE=VeryRural}=>{FAULT_TYPE=TurboCharger}",2.147434e-05,0.002866313,1.995126,8623,0.0002539944,0.08861363,526,"*","*","VWDealer","*","*","Switzerland","VeryRural",FALSE,183511,0.002866313,4,67005,162127,114566,1.405209514,3.13762330335492e-08,2.03977625503039,1.61147718807536e-08,16.7088607252604,0.502543465467955,404,3,-8.09484046620571e-07,-5.58577618042566e-07,-56.8362463680321,0.22366294260257,0.0881003272872829,0.22366294260257,6488,1,";12;15;16;1",0,0,FALSE,0,0
"3991","TurboCharger","{CUSTOMER_TYPE=Corporate,COUNTRY=Germany,GEO_TYPE=NormalUrban}=>{FAULT_TYPE=TurboCharger}",1.608534e-05,0.001814589,1.263063,8666,3.502709e-05,0.01930304,394,"*","*","*","Corporate","*","Germany","NormalUrban",FALSE,217129,0.001814589,4,45280,152929,99104.5,1.405209514,6.58500822133524e-09,1.29132985645299,1.49889450280932e-09,5.09236827284978,0.210136556205558,414,3,0,0,0,0,0,0,6507,1,";13;15;16;1",0,0,FALSE,0,0
"3992","TurboCharger","{DEALERSHIP=VWDealer,COUNTRY=Germany,GEO_TYPE=NormalUrban}=>{FAULT_TYPE=TurboCharger}",7.53235e-05,0.002902984,2.02065,8675,0.0002473599,0.08520886,1845,"*","*","VWDealer","*","*","Germany","NormalUrban",FALSE,635553,0.002902984,4,68164,164853,116508.5,1.405209514,1.12817616496221e-07,2.06587271939008,5.97580121418003e-08,31.8755088187753,0.518565025623308,415,3,-7.28042663157899e-07,-5.1493437778152e-07,-41.6695982745172,0.23346976765976,0.104580009409211,0.23346976765976,6514,1,";12;15;16;1",0,0,FALSE,0,0
"4005","TurboCharger","{MODEL=Lamura,USER_CUSTOMISED=N,COUNTRY=Holland,GEO_TYPE=NormalRural}=>{FAULT_TYPE=TurboCharger}",6.491294e-06,0.00240203,1.671957,22411,0.0004174179,0.1737771,159,"Lamura","*","*","*","N","Holland","NormalRural",FALSE,66194,0.00240203,3,58625.5,152788.5,105707,1.405209514,6.47065483984888e-09,1.70937499075316,2.69253838700725e-09,6.84638123417418,0.402987526820556,426,4,-1.3960077458437e-07,-3.57294813113127e-08,-15.8166857010887,0.267423804032422,0.165045766392771,0.267423804032422,6538,1,";10;14;15;16;1",0,0,FALSE,0,0
"4011","TurboCharger","{MODEL=Opal,USER_CUSTOMISED=N,COUNTRY=Belgium,GEO_TYPE=NormalRural}=>{FAULT_TYPE=TurboCharger}",1.167616e-05,0.003161374,2.200505,22426,0.000255462,0.08080729,286,"Opal","*","*","*","N","Belgium","NormalRural",FALSE,90467,0.003161374,3,71447.5,160599.5,116023.5,1.405209514,2.05052575248538e-08,2.24975277245383,1.14330391015146e-08,14.1008436119329,0.547581375659042,431,4,-7.46847643913847e-07,-4.56581637564359e-07,-60.8468898718281,0.234477793516364,0.106297867867778,0.234477793516364,6547,1,";10;14;15;16;1",0,0,FALSE,0,0
"4023","TurboCharger","{MODEL=Ultima,COUNTRY=Spain,GEO_TYPE=Village}=>{FAULT_TYPE=TurboCharger}",8.614233e-06,0.003060366,2.130198,8864,0.0003901353,0.1274799,211,"Ultima","*","*","*","*","Spain","Village",FALSE,68946,0.003060366,4,70060,158793,114426.5,1.405209514,1.42579036218652e-08,2.17787167643671,7.73295518077975e-09,11.6018810619897,0.532057698451314,438,3,0,0,0,0,0,0,6581,1,";10;15;16;1",0,0,FALSE,0,0
"4027","TurboCharger","{MODEL=Ultima,COUNTRY=Belgium,GEO_TYPE=NormalUrban}=>{FAULT_TYPE=TurboCharger}",1.383993e-05,0.003261748,2.270372,8880,6.342992e-05,0.0194466,339,"Ultima","*","*","*","*","Belgium","NormalUrban",FALSE,103932,0.003261748,4,72919,161494,117206.5,1.405209514,2.5694362688546e-08,2.32118269019918,1.46871661515277e-08,15.977668639405,0.561927853571683,442,3,0,0,0,0,0,0,6589,1,";10;15;16;1",0,0,FALSE,0,0
"4029","TurboCharger","{MODEL=Ultima,CUSTOMER_TYPE=Private,COUNTRY=Belgium}=>{FAULT_TYPE=TurboCharger}",4.621474e-05,0.00311172,2.165943,8885,9.578867e-06,0.00307832,1132,"Ultima","*","*","Private","*","Belgium","*",FALSE,363786,0.00311172,4,71372,164248,117810,1.405209514,7.88659384177636e-08,2.21441711645001,4.3903231260685e-08,27.4768386342271,0.546422735841517,444,3,-1.10276318193033e-06,-9.57594361011545e-07,-63.9775873209562,0.24039116630031,0.116467070011036,0.24039116630031,6591,1,";10;13;15;1",0,0,FALSE,0,0
"4030","TurboCharger","{MODEL=Ultima,CUSTOMER_TYPE=Private,GEO_TYPE=NormalUrban}=>{FAULT_TYPE=TurboCharger}",5.025649e-05,0.003270257,2.276295,8930,7.193899e-05,0.02199796,1231,"Ultima","*","*","Private","*","*","NormalUrban",FALSE,376423,0.003270257,4,73677,164579,119128,1.405209514,9.37307403296841e-08,2.32723801498543,5.42895218971591e-08,30.5465931696209,0.569440605810536,445,3,-1.08789838001841e-06,-9.47208070375071e-07,-60.9078327855624,0.277215827379928,0.183538895200429,0.277215827379928,6597,1,";10;13;16;1",0,0,FALSE,0,0
"4033","TurboCharger","{MODEL=Opal,DEALERSHIP=VWFranchise,USER_CUSTOMISED=N,COUNTRY=Spain}=>{FAULT_TYPE=TurboCharger}",6.409642e-06,0.003055545,2.126842,22940,0.0003638036,0.1190634,157,"Opal","*","VWFranchise","*","N","Spain","*",FALSE,51382,0.003055545,3,69949.5,156851.5,113400.5,1.405209514,1.0578059645156e-08,2.17444087131337,5.72534412214474e-09,9.98648264702446,0.53093309156734,448,4,-7.56774841793545e-07,-4.62289332543729e-07,-64.9612508367365,0.207963882057047,0.0625687181187824,0.207963882057047,6608,1,";10;12;14;15;1",0,0,FALSE,0,0
"4034","TurboCharger","{DEALERSHIP=VWFranchise,CUSTOMER_TYPE=Private,COUNTRY=Spain}=>{FAULT_TYPE=TurboCharger}",7.38946e-06,0.003053564,2.125463,8966,0.000410658,0.1344848,181,"*","*","VWFranchise","Private","*","Spain","*",FALSE,59275,0.003053564,4,69935,157713,113824,1.405209514,1.21804495401176e-08,2.17303111712351,6.59111923714119e-09,10.7132491945283,0.530798847235799,449,3,-1.16944867080797e-06,-9.94906473035089e-07,-80.741176760655,0.225924198739571,0.0918631664067393,0.225924198739571,6609,1,";12;13;15;1",0,0,FALSE,0,0
"4046","TurboCharger","{CUSTOMER_TYPE=Private,COUNTRY=Belgium,GEO_TYPE=NormalUrban}=>{FAULT_TYPE=TurboCharger}",4.89909e-05,0.003316484,2.308471,9034,0.0003759145,0.1133473,1200,"*","*","*","Private","*","Belgium","NormalUrban",FALSE,361829,0.003316484,4,74305,164576,119440.5,1.405209514,9.36350572161774e-08,2.36013488875368,5.47705191942511e-08,30.6908954312659,0.575311352715038,459,3,-1.08799406313191e-06,-9.46727073077979e-07,-60.7635305239174,0.287290395491129,0.203096028633193,0.287290395491129,6633,1,";13;15;16;1",0,0,FALSE,0,0
"4050","TurboCharger","{MODEL=Opal,CUSTOMER_TYPE=Private,USER_CUSTOMISED=N,COUNTRY=Belgium}=>{FAULT_TYPE=TurboCharger}",8.532581e-05,0.00308356,2.146342,23112,0.0001429908,0.04637197,2090,"Opal","*","*","Private","N","Belgium","*",FALSE,677788,0.00308356,3,71085.5,165130.5,118108,1.405209514,1.43206614681844e-07,2.19437740015187,8.01641473698886e-08,36.8862416957662,0.549290649529994,463,4,-1.03842250566625e-06,-9.21333444902341e-07,-54.5681842594171,0.215159750418348,0.0741446767900171,0.23345418931365,6638,1,";10;13;14;15;1",0,0,FALSE,0,0
"4129","TurboCharger","{CUSTOMER_TYPE=Corporate,USER_CUSTOMISED=N,COUNTRY=Portugal,GEO_TYPE=Village}=>{FAULT_TYPE=TurboCharger}",4.1234e-06,0.001806152,1.25719,23286,4.703155e-05,0.02603964,101,"*","*","*","Corporate","N","Portugal","Village",FALSE,55920,0.001806152,3,44975,136469,90722,1.405209514,1.6532462467724e-09,1.28532576957773,3.67839252759835e-10,2.53104852454558,0.205043194417295,507,4,0,0,0,0,0,0,6859,1,";13;14;15;16;1",0,0,FALSE,0,0
"4132","TurboCharger","{AGE=InWarranty,CUSTOMER_TYPE=Private,USER_CUSTOMISED=N,COUNTRY=Switzerland,GEO_TYPE=Suburban}=>{FAULT_TYPE=TurboCharger}",4.776612e-06,0.01213693,8.44803,41036,0.0005555003,0.04576943,117,"*","InWarranty","*","Private","N","Switzerland","Suburban",FALSE,9640,0.01213693,2,118947,163767,141357,1.405209514,5.12612648540734e-08,8.63709637536656,4.53441043441546e-08,28.1282478936374,0.881976313434529,509,5,-1.18507508578137e-06,-1.02705664047221e-06,-107.614319416072,0.208032591437868,0.0626788806802641,0.805248114638545,6871,1,";11;13;14;15;16;1",0,0,FALSE,0,0
